student_id,course_code
S0001,PE202
S0001,CS402
S0001,BIO302
S0001,CHEM101
S0002,MATH201
S0002,ENG201
S0002,CS402
S0002,MATH302
S0003,ECON102
S0003,CS401
S0003,PE202
S0003,CHEM301
S0004,CS402
S0004,CS401
S0004,CS302
S0004,MATH401
S0005,PE302
S0005,MUS302
S0005,SOC301
S0005,PSYC401
S0005,ENG302
S0006,MATH302
S0006,ENG201
S0006,CS301
S0006,CS101
S0007,MATH202
S0007,CHEM302
S0007,BIO101
S0007,ECON101
S0008,HIST102
S0008,MATH302
S0008,CS202
S0009,PSYC401
S0009,PE101
S0009,CS202
S0009,HIST302
S0010,PHYS102
S0010,CS201
S0010,CS301
S0010,MUS201
S0010,ECON302
S0011,MUS202
S0011,PSYC201
S0011,SOC302
S0011,ART201
S0012,ART201
S0012,SOC101
S0012,CHEM202
S0012,PE402
S0013,CS202
S0013,HIST301
S0013,ECON301
S0013,ECON102
S0013,CS402
S0013,CS202
S0014,MATH302
S0014,ENG201
S0014,CS302
S0014,PHYS402
S0015,HIST402
S0015,CS302
S0015,ENG102
S0016,MUS302
S0016,ENG402
S0016,PHYS302
S0016,BIO201
S0016,CHEM201
S0017,HIST201
S0017,MUS101
S0017,ENG302
S0018,CHEM101
S0018,SOC101
S0018,PHYS302
S0018,BIO401
S0019,PSYC402
S0019,HIST302
S0019,MUS201
S0019,ENG101
S0020,PHYS201
S0020,BIO301
S0020,ENG301
S0020,ENG101
S0021,ECON202
S0021,MATH201
S0021,SOC301
S0021,MATH302
S0022,CS101
S0022,SOC101
S0022,PHYS101
S0022,ENG301
S0022,CHEM202
S0023,PE102
S0023,PHYS401
S0023,CHEM201
S0023,MATH101
S0023,BIO102
S0024,HIST201
S0024,PHYS201
S0024,ENG202
S0024,PHYS401
S0024,BIO102
S0025,MATH302
S0025,BIO101
S0025,HIST202
S0025,PHYS101
S0026,BIO401
S0026,ECON401
S0026,ENG301
S0026,ENG102
S0027,ECON202
S0027,ECON301
S0027,HIST401
S0027,PHYS301
S0027,ENG202
S0028,ECON201
S0028,ENG101
S0028,BIO301
S0028,PHYS102
S0028,PHYS201
S0029,BIO401
S0029,MATH302
S0029,MATH402
S0029,PHYS201
S0030,ENG202
S0030,ENG201
S0030,CS101
S0030,CS102
S0030,MATH101
S0031,CS202
S0031,MATH301
S0031,PE301
S0031,MUS202
S0032,MATH301
S0032,PHYS202
S0032,MATH201
S0033,HIST102
S0033,CS201
S0033,CHEM201
S0033,BIO202
S0034,HIST301
S0034,PSYC401
S0034,SOC402
S0034,CS101
S0034,ENG201
S0035,MATH102
S0035,HIST101
S0035,MATH302
S0035,ECON301
S0035,PHYS101
S0036,HIST301
S0036,SOC102
S0036,PSYC302
S0036,ENG402
S0036,HIST202
S0037,ENG201
S0037,MUS101
S0037,PE101
S0037,ART102
S0037,PSYC302
S0038,ENG101
S0038,BIO302
S0038,MATH102
S0038,CS402
S0038,CS101
S0039,MUS101
S0039,ENG201
S0039,SOC201
S0039,HIST401
S0039,BIO301
S0040,ENG301
S0040,PHYS102
S0040,PSYC401
S0040,HIST202
S0041,HIST401
S0041,CHEM202
S0041,PSYC201
S0042,SOC202
S0042,CS401
S0042,ENG301
S0042,PSYC301
S0043,PSYC301
S0043,ENG401
S0043,HIST102
S0043,HIST302
S0043,HIST302
S0044,PHYS301
S0044,CS402
S0044,CS402
S0045,BIO301
S0045,HIST202
S0045,CS102
S0045,MUS102
S0045,MUS302
S0046,MATH401
S0046,ART201
S0046,CS201
S0046,CS102
S0046,BIO302
S0047,SOC301
S0047,ENG402
S0047,ECON402
S0047,BIO301
S0048,PE102
S0048,CS402
S0048,CHEM201
S0048,CHEM101
S0048,MATH201
S0049,PHYS302
S0049,PHYS102
S0049,CS302
S0049,CHEM101
S0050,HIST201
S0050,BIO102
S0050,CHEM301
S0050,CS401
S0050,PE202
S0051,CS301
S0051,SOC201
S0051,CHEM301
S0051,MATH102
S0052,BIO301
S0052,ENG301
S0052,CHEM401
S0052,ENG101
S0052,BIO302
S0053,ART402
S0053,MATH101
S0053,ECON101
S0053,CHEM202
S0054,PSYC402
S0054,CS402
S0054,CHEM202
S0054,MATH202
S0055,CS401
S0055,HIST102
S0055,MUS301
S0055,MUS302
S0056,HIST201
S0056,ART201
S0056,PE102
S0056,ART402
S0056,PE301
S0057,MATH201
S0057,ENG301
S0057,PHYS302
S0057,CS101
S0058,PHYS101
S0058,ENG101
S0058,CS301
S0058,ECON101
S0059,MATH302
S0059,MUS301
S0059,HIST302
S0059,MATH301
S0060,CS301
S0060,PSYC301
S0060,CHEM301
S0060,SOC202
S0061,BIO301
S0061,SOC201
S0061,ENG301
S0061,CS101
S0061,ECON202
S0062,PE301
S0062,MATH201
S0062,SOC301
S0062,MUS201
S0062,PHYS202
S0063,MUS102
S0063,CHEM302
S0063,BIO301
S0063,ENG102
S0064,MATH201
S0064,ENG102
S0064,MATH202
S0064,CS101
S0065,ART201
S0065,CHEM202
S0065,CHEM401
S0065,HIST301
S0066,PHYS101
S0066,ART101
S0066,PSYC302
S0066,BIO101
S0067,CHEM202
S0067,PE101
S0067,BIO202
S0067,ENG302
S0067,MATH101
S0068,ENG401
S0068,SOC402
S0068,CS202
S0068,CHEM402
S0068,CS401
S0069,PE301
S0069,MUS401
S0069,ENG401
S0069,MUS302
S0070,BIO201
S0070,PHYS102
S0070,SOC201
S0071,HIST302
S0071,MUS101
S0071,ENG402
S0071,MUS101
S0071,PSYC401
S0072,PHYS101
S0072,PSYC401
S0072,ART401
S0072,PSYC301
S0072,ART102
S0073,PHYS101
S0073,PHYS302
S0073,CS202
S0073,MATH402
S0073,CS202
S0074,MUS101
S0074,CHEM102
S0074,ART101
S0074,CHEM302
S0075,ART101
S0075,MUS201
S0075,HIST102
S0075,ART102
S0075,ECON301
S0076,ECON401
S0076,MATH402
S0076,CS102
S0076,MATH102
S0076,CS202
S0077,PSYC402
S0077,PE202
S0077,MUS201
S0077,MATH301
S0078,CS301
S0078,ART102
S0078,PSYC301
S0078,PE401
S0078,PSYC302
S0079,PSYC201
S0079,PSYC101
S0079,SOC102
S0079,ENG202
S0079,PSYC301
S0080,PE202
S0080,CS101
S0080,PHYS102
S0080,CS302
S0080,PE201
S0081,PE101
S0081,ENG402
S0081,CS101
S0081,HIST401
S0081,HIST202
S0082,BIO101
S0082,ART402
S0082,ECON101
S0082,ENG301
S0082,ENG302
S0083,PSYC201
S0083,ENG201
S0083,ECON202
S0084,PHYS401
S0084,ENG201
S0084,BIO201
S0084,CHEM202
S0085,CS402
S0085,CS402
S0085,MUS302
S0085,CS202
S0085,PHYS301
S0086,PSYC301
S0086,CS301
S0086,ECON401
S0086,ENG201
S0087,CS202
S0087,CS202
S0087,MATH401
S0088,HIST102
S0088,MUS401
S0088,ECON202
S0089,PSYC201
S0089,MUS202
S0089,PSYC202
S0089,ECON401
S0090,CS401
S0090,HIST102
S0090,PE101
S0090,BIO401
S0090,MATH302
S0091,MATH402
S0091,CS402
S0091,PHYS301
S0092,ECON101
S0092,MATH101
S0092,MUS301
S0092,HIST102
S0093,PSYC402
S0093,CS101
S0093,CHEM102
S0093,CS301
S0094,PSYC102
S0094,CS101
S0094,MATH102
S0094,BIO302
S0095,PHYS202
S0095,PHYS202
S0095,PHYS101
S0095,ENG401
S0096,ECON302
S0096,ENG102
S0096,CS301
S0096,CS401
S0097,ART101
S0097,CS102
S0097,ENG301
S0097,MATH101
S0098,HIST401
S0098,CS102
S0098,CS102
S0098,PHYS101
S0098,SOC102
S0099,PSYC302
S0099,CS101
S0099,CS402
S0099,HIST401
S0099,ENG401
S0099,ECON202
S0100,PHYS101
S0100,CS101
S0100,PHYS101
S0100,PSYC401
S0100,CS102
S0100,CS202
S0101,ECON101
S0101,PHYS402
S0101,MATH102
S0101,CS202
S0101,ENG102
S0102,PHYS402
S0102,PHYS302
S0102,BIO301
S0102,BIO101
S0103,ECON302
S0103,ENG401
S0103,PHYS202
S0103,CS101
S0103,MATH202
S0104,PHYS301
S0104,ECON201
S0104,HIST302
S0104,ECON101
S0105,CHEM202
S0105,CHEM401
S0105,SOC102
S0105,ENG401
S0106,ECON301
S0106,PHYS401
S0106,PHYS301
S0106,MUS202
S0107,CS102
S0107,PE402
S0107,CS302
S0107,ENG401
S0107,CS402
S0107,SOC402
S0108,PHYS202
S0108,PHYS201
S0108,PHYS102
S0108,BIO301
S0108,CS302
S0109,CS402
S0109,PSYC101
S0109,PSYC201
S0109,HIST102
S0109,ENG402
S0110,PHYS401
S0110,PSYC302
S0110,CS301
S0110,CS201
S0110,PE302
S0111,PSYC302
S0111,ENG101
S0111,ENG402
S0112,PE302
S0112,CS102
S0112,CS201
S0112,PHYS101
S0112,MATH201
S0112,PHYS201
S0113,MATH201
S0113,PSYC401
S0113,PHYS302
S0114,PSYC302
S0114,CS201
S0114,ART301
S0114,MUS302
S0114,PE101
S0115,ENG102
S0115,MATH102
S0115,PHYS201
S0116,ECON302
S0116,HIST301
S0116,PSYC302
S0116,PSYC101
S0116,ENG201
S0117,ECON401
S0117,PSYC201
S0117,PE101
S0117,HIST401
S0118,ENG301
S0118,CHEM201
S0118,PE401
S0118,ECON101
S0118,HIST202
S0119,SOC401
S0119,PSYC401
S0119,BIO102
S0119,CS102
S0119,BIO301
S0120,PHYS102
S0120,ECON302
S0120,BIO302
S0120,MATH101
S0120,PSYC401
S0121,PSYC101
S0121,CS401
S0121,BIO301
S0122,CHEM101
S0122,ECON102
S0122,ENG402
S0122,ENG202
S0122,SOC202
S0123,MATH102
S0123,MATH401
S0123,CHEM102
S0123,PSYC302
S0124,CHEM202
S0124,MATH201
S0124,CS402
S0124,CS202
S0125,PSYC301
S0125,ENG302
S0125,ENG101
S0125,ECON102
S0125,PSYC402
S0125,PHYS402
S0126,ECON401
S0126,CS202
S0126,ENG401
S0126,PHYS102
S0126,HIST201
S0127,CS101
S0127,SOC102
S0127,CS302
S0127,CHEM101
S0127,PSYC402
S0128,ENG101
S0128,SOC202
S0128,SOC201
S0128,ECON101
S0129,PHYS202
S0129,PHYS302
S0129,CHEM301
S0129,PE401
S0129,HIST102
S0130,CS302
S0130,ENG402
S0130,CS401
S0130,ENG101
S0130,PHYS401
S0131,PE301
S0131,PSYC201
S0131,CS201
S0131,PHYS101
S0131,CHEM102
S0132,ENG201
S0132,ENG202
S0132,SOC101
S0132,ART301
S0133,HIST102
S0133,CS302
S0133,CS402
S0133,MUS301
S0133,PSYC401
S0134,MUS201
S0134,CHEM102
S0134,PSYC302
S0134,ART202
S0134,PE202
S0135,ART101
S0135,CHEM101
S0135,SOC102
S0136,PSYC101
S0136,HIST102
S0136,PSYC202
S0136,HIST102
S0136,HIST302
S0137,PE201
S0137,ENG401
S0137,ECON102
S0137,HIST302
S0137,CS102
S0137,CS201
S0138,CS101
S0138,MATH301
S0138,CS402
S0138,ENG302
S0138,ENG401
S0139,CS201
S0139,ART102
S0139,BIO201
S0139,CS402
S0140,PHYS201
S0140,HIST301
S0140,MUS102
S0140,ENG401
S0141,PSYC102
S0141,PHYS101
S0141,PE402
S0141,CS402
S0141,ENG201
S0142,CS402
S0142,HIST102
S0142,CHEM302
S0142,CS201
S0143,HIST202
S0143,PE301
S0143,MUS101
S0143,ECON202
S0143,PSYC202
S0144,ECON302
S0144,PHYS301
S0144,MATH102
S0144,CHEM402
S0144,CHEM101
S0145,ART301
S0145,ENG201
S0145,PHYS301
S0145,ENG402
S0146,SOC202
S0146,MATH401
S0146,CS101
S0146,SOC401
S0147,CS101
S0147,MATH101
S0147,PSYC202
S0147,PE301
S0147,PHYS302
S0148,ECON202
S0148,ART401
S0148,ART302
S0148,MUS301
S0149,CS101
S0149,BIO102
S0149,PSYC401
S0149,PSYC301
S0149,SOC102
S0150,PHYS102
S0150,PSYC101
S0150,PE101
S0150,PE301
S0150,PSYC301
S0150,PSYC202
S0151,MATH202
S0151,PSYC302
S0151,CS301
S0151,SOC201
S0152,CS101
S0152,ECON301
S0152,SOC201
S0152,ENG202
S0153,PHYS102
S0153,SOC201
S0153,ART101
S0154,BIO201
S0154,ENG302
S0154,PHYS401
S0154,HIST401
S0154,ECON101
S0155,ENG102
S0155,ENG302
S0155,ENG101
S0155,ART102
S0155,CS101
S0156,SOC402
S0156,SOC102
S0156,PE101
S0156,ART401
S0156,ART301
S0156,MUS101
S0157,BIO402
S0157,ENG202
S0157,ENG402
S0157,PHYS301
S0157,ENG302
S0158,ENG102
S0158,ECON401
S0158,PHYS201
S0158,PHYS202
S0158,CS301
S0158,BIO401
S0159,SOC302
S0159,MATH201
S0159,CS202
S0159,PHYS402
S0160,ENG102
S0160,PE401
S0160,ART301
S0161,CS101
S0161,ENG401
S0161,CS102
S0161,CS201
S0162,PSYC402
S0162,MATH301
S0162,CS202
S0162,CHEM201
S0163,CS102
S0163,ECON302
S0163,PHYS101
S0163,CS402
S0164,CHEM101
S0164,PHYS201
S0164,HIST301
S0164,HIST302
S0165,ENG201
S0165,CHEM201
S0165,CS101
S0165,MATH201
S0166,CS101
S0166,MUS302
S0166,MATH101
S0166,BIO201
S0167,PE201
S0167,BIO401
S0167,MATH402
S0167,PSYC301
S0167,MUS102
S0168,CHEM101
S0168,HIST202
S0168,ECON202
S0168,SOC102
S0168,PSYC101
S0169,CHEM401
S0169,CS302
S0169,ECON401
S0169,MATH302
S0169,ENG202
S0170,CHEM401
S0170,ENG101
S0170,CHEM201
S0170,PHYS301
S0171,CHEM202
S0171,HIST202
S0171,HIST301
S0171,SOC101
S0172,CS301
S0172,PHYS202
S0172,CS201
S0172,CS402
S0173,ENG101
S0173,CS201
S0173,PHYS302
S0173,PSYC301
S0174,SOC102
S0174,HIST202
S0174,CS101
S0175,MUS102
S0175,HIST301
S0175,ENG401
S0175,HIST202
S0176,PSYC301
S0176,ECON201
S0176,ENG201
S0176,PE402
S0177,CS101
S0177,SOC102
S0177,CS302
S0177,SOC101
S0178,MATH301
S0178,ENG201
S0178,PHYS101
S0178,BIO401
S0179,CHEM301
S0179,ECON102
S0179,MATH302
S0179,ENG201
S0180,ENG201
S0180,CS301
S0180,ENG202
S0180,PE202
S0181,SOC302
S0181,BIO101
S0181,ENG301
S0181,PSYC202
S0181,CHEM301
S0182,ART401
S0182,PHYS102
S0182,ECON401
S0182,ECON401
S0183,CS202
S0183,ECON202
S0183,CHEM401
S0183,ART101
S0183,SOC101
S0184,PHYS201
S0184,ENG401
S0184,PHYS302
S0184,CS301
S0184,CHEM101
S0185,CHEM102
S0185,HIST401
S0185,CHEM202
S0185,CS301
S0186,ENG102
S0186,HIST201
S0186,MUS101
S0186,PSYC302
S0187,PE202
S0187,PSYC201
S0187,PSYC202
S0187,ENG301
S0188,PE202
S0188,HIST401
S0188,MUS102
S0188,PSYC201
S0189,MATH401
S0189,CHEM302
S0189,CS302
S0189,CS201
S0190,SOC102
S0190,MATH401
S0190,PHYS202
S0190,CS301
S0190,MATH302
S0190,MATH301
S0191,SOC101
S0191,ECON302
S0191,ART102
S0191,ENG401
S0191,ECON101
S0192,CS101
S0192,CS401
S0192,MATH302
S0192,MATH401
S0192,CS202
S0192,CS102
S0193,PSYC101
S0193,ECON402
S0193,PHYS401
S0193,ART101
S0194,CS201
S0194,SOC402
S0194,BIO301
S0194,CS202
S0195,SOC302
S0195,ENG202
S0195,PHYS101
S0195,CS401
S0195,CS302
S0196,CS101
S0196,PHYS101
S0196,PHYS202
S0196,PHYS402
S0196,PHYS302
S0197,CHEM301
S0197,CHEM101
S0197,SOC401
S0197,MUS302
S0198,ENG302
S0198,SOC102
S0198,MUS201
S0198,ART402
S0199,MATH301
S0199,SOC102
S0199,CHEM102
S0199,CS101
S0199,CS401
S0200,MATH202
S0200,CHEM202
S0200,MATH301
S0200,CS202
S0200,CS101
S0201,CHEM402
S0201,BIO401
S0201,PHYS401
S0201,CHEM102
S0202,PHYS102
S0202,CS101
S0202,CS102
S0202,PHYS101
S0202,CS302
S0203,PHYS302
S0203,CS101
S0203,MATH102
S0204,ENG202
S0204,SOC401
S0204,PSYC301
S0204,PSYC302
S0204,HIST102
S0205,ENG202
S0205,MATH301
S0205,ENG102
S0205,CS401
S0205,CS301
S0206,BIO201
S0206,CS402
S0206,CS401
S0206,PHYS402
S0206,CHEM402
S0207,SOC101
S0207,MATH402
S0207,PSYC302
S0207,ECON302
S0208,ECON302
S0208,CS101
S0208,ENG202
S0208,CS202
S0208,CS202
S0209,ECON302
S0209,ART301
S0209,HIST302
S0209,ENG401
S0210,MATH301
S0210,SOC201
S0210,CS302
S0210,MATH101
S0210,MATH401
S0211,PHYS202
S0211,ART301
S0211,CS201
S0211,CS302
S0212,CS401
S0212,PHYS201
S0212,CHEM202
S0212,ENG402
S0212,BIO301
S0212,CS401
S0213,PHYS201
S0213,ART102
S0213,ENG302
S0213,PSYC401
S0214,ART301
S0214,CS302
S0214,CS202
S0214,MATH302
S0214,CS201
S0215,PHYS202
S0215,PHYS301
S0215,ENG201
S0215,CS401
S0215,MATH401
S0216,PHYS302
S0216,ENG302
S0216,MATH301
S0216,CS102
S0216,BIO202
S0217,CS302
S0217,MUS101
S0217,PHYS202
S0217,CHEM102
S0217,BIO401
S0218,BIO302
S0218,SOC301
S0218,CS402
S0219,ENG201
S0219,PSYC402
S0219,CS101
S0219,CHEM101
S0220,ENG302
S0220,MUS402
S0220,HIST202
S0220,MATH301
S0220,CS301
S0221,HIST401
S0221,PHYS302
S0221,MUS102
S0221,BIO302
S0222,ENG101
S0222,PHYS102
S0222,CS301
S0222,PHYS201
S0222,ECON101
S0222,MUS102
S0223,ART401
S0223,ECON302
S0223,CS101
S0223,BIO301
S0224,MATH302
S0224,CHEM202
S0224,MUS301
S0224,CS102
S0224,CS102
S0224,MATH301
S0225,ENG301
S0225,ENG202
S0225,MATH101
S0225,BIO102
S0225,PHYS401
S0225,ECON302
S0226,PHYS301
S0226,CS302
S0226,CHEM402
S0226,CS302
S0226,MATH202
S0227,CHEM302
S0227,MATH402
S0227,CS201
S0227,ECON101
S0227,ENG301
S0228,BIO102
S0228,CS402
S0228,CS101
S0228,PHYS301
S0228,MATH201
S0228,CS401
S0229,CHEM401
S0229,ART102
S0229,CHEM202
S0229,BIO201
S0229,ENG202
S0230,CHEM301
S0230,ENG302
S0230,PHYS301
S0230,MATH201
S0230,MATH102
S0231,ENG401
S0231,PHYS401
S0231,ENG402
S0231,HIST302
S0232,PHYS102
S0232,ENG302
S0232,MATH401
S0232,ENG102
S0233,PHYS101
S0233,BIO202
S0233,BIO201
S0234,SOC201
S0234,PSYC101
S0234,ENG202
S0234,ENG301
S0234,ECON402
S0234,HIST201
S0235,BIO401
S0235,SOC301
S0235,CS401
S0235,CHEM401
S0235,CS101
S0236,ECON401
S0236,ENG402
S0236,CS201
S0236,ECON102
S0236,PSYC102
S0237,CS402
S0237,MATH201
S0237,MATH201
S0237,MATH101
S0237,CS301
S0237,PHYS201
S0238,PHYS302
S0238,SOC402
S0238,CHEM401
S0238,CHEM201
S0238,PE201
S0239,HIST101
S0239,SOC101
S0239,MATH202
S0239,HIST401
S0239,CHEM302
S0240,PHYS102
S0240,PE102
S0240,PHYS201
S0240,PSYC201
S0240,BIO301
S0240,CHEM202
S0241,MATH101
S0241,ENG302
S0241,ENG102
S0241,CS202
S0241,MATH101
S0242,PE302
S0242,PSYC202
S0242,BIO101
S0242,ART102
S0242,ECON201
S0243,ENG101
S0243,MATH401
S0243,MATH201
S0243,BIO201
S0244,PHYS201
S0244,PSYC202
S0244,CS202
S0244,CS101
S0244,MATH301
S0245,PSYC401
S0245,HIST202
S0245,PSYC302
S0245,PSYC301
S0246,PSYC301
S0246,ENG302
S0246,PE102
S0246,ECON302
S0246,ENG202
S0247,HIST102
S0247,CS402
S0247,CS101
S0247,PE201
S0247,CHEM201
S0248,ECON302
S0248,ART401
S0248,CHEM301
S0249,ENG201
S0249,CS201
S0249,CS301
S0249,MATH101
S0250,CS402
S0250,PHYS302
S0250,CS202
S0250,MUS102
S0251,MATH102
S0251,CS202
S0251,CS401
S0251,CHEM101
S0251,MATH301
S0252,ENG201
S0252,SOC102
S0252,MATH101
S0252,PHYS102
S0253,PE301
S0253,CS101
S0253,CS102
S0253,MATH101
S0254,HIST202
S0254,CS401
S0254,CS401
S0254,PHYS102
S0254,MATH301
S0255,CS401
S0255,ENG302
S0255,ENG202
S0255,PHYS302
S0256,SOC401
S0256,ECON302
S0256,ENG101
S0256,ENG201
S0257,CS101
S0257,CS302
S0257,PE101
S0257,CS302
S0258,PHYS401
S0258,CHEM102
S0258,CHEM201
S0258,CHEM302
S0258,BIO302
S0259,MATH301
S0259,SOC401
S0259,CS202
S0259,ART201
S0259,PE201
S0260,PSYC101
S0260,MUS101
S0260,BIO401
S0260,CHEM202
S0261,CHEM302
S0261,ENG102
S0261,SOC202
S0261,CS202
S0261,HIST101
S0262,ENG202
S0262,PE402
S0262,HIST202
S0262,BIO401
S0263,CS102
S0263,CHEM402
S0263,BIO202
S0263,SOC401
S0263,ENG302
S0264,HIST202
S0264,CS402
S0264,CS301
S0264,MATH101
S0264,PE302
S0265,PHYS101
S0265,HIST301
S0265,HIST402
S0265,ENG301
S0265,PHYS301
S0266,CS201
S0266,CHEM201
S0266,MATH301
S0266,CS401
S0266,ENG401
S0267,ECON302
S0267,CS201
S0267,PE301
S0267,ENG401
S0268,ART301
S0268,ENG101
S0268,CS301
S0268,CS202
S0268,PHYS401
S0269,CS302
S0269,ENG301
S0269,PHYS102
S0269,HIST202
S0270,PSYC302
S0270,ECON401
S0270,SOC101
S0270,ECON202
S0271,SOC402
S0271,PHYS302
S0271,BIO302
S0271,ENG401
S0272,MATH302
S0272,ENG201
S0272,MATH102
S0272,SOC401
S0273,CS401
S0273,MUS301
S0273,CS302
S0273,SOC101
S0273,PE101
S0274,PHYS101
S0274,CHEM301
S0274,ART102
S0274,PSYC102
S0275,ENG302
S0275,MUS102
S0275,CHEM402
S0275,CHEM301
S0275,CHEM302
S0276,CS102
S0276,BIO202
S0276,PE101
S0276,SOC302
S0277,PSYC101
S0277,PSYC201
S0277,SOC401
S0277,ENG401
S0278,SOC201
S0278,ENG302
S0278,MUS201
S0278,HIST102
S0279,ENG102
S0279,PE302
S0279,ENG402
S0279,HIST101
S0279,ECON102
S0280,BIO302
S0280,PE202
S0280,MATH101
S0280,ART402
S0280,MATH302
S0281,PHYS202
S0281,CS401
S0281,BIO201
S0281,MUS201
S0282,BIO302
S0282,MUS302
S0282,MATH202
S0282,HIST401
S0282,ENG401
S0283,HIST301
S0283,MATH202
S0283,CS401
S0283,CS201
S0284,PHYS301
S0284,PSYC201
S0284,ENG201
S0284,ENG202
S0285,PHYS402
S0285,MATH401
S0285,MATH302
S0285,PSYC402
S0286,ECON102
S0286,CHEM102
S0286,CHEM101
S0287,CS402
S0287,BIO102
S0287,BIO202
S0287,ENG201
S0287,CHEM401
S0288,ENG301
S0288,BIO301
S0288,MATH101
S0288,CS302
S0288,HIST102
S0289,PE402
S0289,CS402
S0289,ENG401
S0289,MATH201
S0289,ENG201
S0289,PSYC102
S0290,ENG102
S0290,HIST302
S0290,CS202
S0290,MATH301
S0291,MATH401
S0291,HIST401
S0291,CHEM202
S0291,PHYS201
S0292,BIO102
S0292,CHEM302
S0292,CS101
S0292,HIST102
S0293,CS301
S0293,SOC102
S0293,PHYS401
S0293,CS101
S0293,CS101
S0294,ENG201
S0294,HIST302
S0294,HIST302
S0294,ECON301
S0295,ART202
S0295,MATH302
S0295,CS202
S0295,CHEM201
S0295,PHYS201
S0295,PHYS302
S0296,BIO201
S0296,ENG102
S0296,CHEM301
S0296,MUS102
S0297,MATH202
S0297,PSYC401
S0297,ENG102
S0297,ENG201
S0298,BIO302
S0298,HIST302
S0298,CHEM101
S0298,CHEM202
S0298,CS202
S0298,PHYS102
S0299,CS402
S0299,ART202
S0299,MUS302
S0299,BIO302
S0300,PHYS302
S0300,MUS401
S0300,PHYS301
S0300,CHEM301
S0301,CS301
S0301,CHEM202
S0301,ART101
S0301,HIST201
S0302,HIST302
S0302,CS301
S0302,CHEM301
S0302,ENG101
S0303,CHEM202
S0303,CHEM401
S0303,PHYS302
S0303,HIST302
S0304,PE401
S0304,CHEM101
S0304,PE201
S0304,BIO302
S0305,ART401
S0305,CS201
S0305,CHEM102
S0305,CS202
S0305,PHYS101
S0305,PHYS302
S0306,MUS102
S0306,PSYC401
S0306,ENG301
S0306,PSYC201
S0306,ENG401
S0307,HIST102
S0307,MUS401
S0307,PE201
S0308,BIO401
S0308,ECON202
S0308,ECON401
S0308,BIO101
S0309,CHEM102
S0309,CS202
S0309,PSYC301
S0309,HIST402
S0310,PHYS401
S0310,SOC202
S0310,ENG201
S0310,CS101
S0310,ENG102
S0311,ENG401
S0311,CS301
S0311,CS402
S0311,CS202
S0311,MATH401
S0312,BIO301
S0312,CHEM302
S0312,HIST102
S0312,PSYC302
S0313,HIST302
S0313,CS101
S0313,MUS201
S0313,MATH102
S0314,MATH201
S0314,MATH402
S0314,CHEM301
S0314,MATH302
S0315,ENG302
S0315,HIST102
S0315,ENG402
S0315,HIST102
S0316,SOC102
S0316,ENG401
S0316,ART102
S0316,PE102
S0317,ENG102
S0317,SOC401
S0317,PSYC101
S0317,MUS401
S0317,ECON201
S0318,PHYS201
S0318,PHYS401
S0318,ENG201
S0318,PSYC401
S0319,ECON201
S0319,CHEM402
S0319,PHYS102
S0319,SOC101
S0320,ART401
S0320,BIO201
S0320,ENG102
S0320,PE102
S0320,MATH102
S0321,PHYS102
S0321,PHYS102
S0321,MATH101
S0321,PSYC302
S0322,MATH202
S0322,MUS302
S0322,PHYS302
S0322,BIO302
S0322,SOC101
S0323,PSYC201
S0323,HIST102
S0323,HIST202
S0323,PE201
S0323,ECON402
S0324,ECON101
S0324,MATH401
S0324,MUS301
S0325,HIST201
S0325,CS201
S0325,CS202
S0325,HIST101
S0326,CS202
S0326,MATH102
S0326,SOC301
S0327,PSYC201
S0327,PSYC202
S0327,PE101
S0327,PE302
S0327,PE402
S0328,PHYS401
S0328,PHYS401
S0328,CHEM102
S0328,CHEM201
S0328,PSYC201
S0329,CS102
S0329,HIST102
S0329,PE102
S0330,ECON302
S0330,CHEM301
S0330,PHYS202
S0330,BIO401
S0330,CS102
S0331,ENG201
S0331,CHEM202
S0331,PSYC401
S0331,BIO401
S0332,ECON201
S0332,CS202
S0332,PHYS201
S0332,CS301
S0332,CHEM201
S0332,PHYS402
S0333,CS302
S0333,MATH201
S0333,MATH301
S0333,BIO201
S0333,PE102
S0334,PHYS101
S0334,CHEM102
S0334,MATH101
S0334,ART402
S0335,PHYS101
S0335,ECON102
S0335,ENG201
S0335,PSYC202
S0335,ENG202
S0336,BIO102
S0336,MATH301
S0336,CS401
S0336,CHEM402
S0337,CS301
S0337,PSYC302
S0337,PSYC101
S0337,CS201
S0338,ENG101
S0338,PHYS101
S0338,ENG202
S0338,CHEM302
S0338,CS101
S0339,PE202
S0339,PHYS302
S0339,ECON401
S0339,BIO101
S0340,MATH401
S0340,PHYS102
S0340,BIO401
S0340,HIST101
S0340,PHYS101
S0341,BIO102
S0341,ART302
S0341,ECON101
S0342,HIST101
S0342,BIO301
S0342,ECON202
S0342,BIO202
S0343,CHEM101
S0343,PE402
S0343,HIST101
S0344,MATH401
S0344,PSYC201
S0344,ENG301
S0344,CS402
S0345,PSYC201
S0345,SOC201
S0345,PE301
S0345,MATH101
S0345,CS202
S0346,ART201
S0346,ECON402
S0346,ENG302
S0347,CHEM402
S0347,BIO401
S0347,ENG402
S0347,CS402
S0348,ENG102
S0348,PSYC101
S0348,CS202
S0348,MATH402
S0349,CHEM102
S0349,PSYC102
S0349,PE201
S0349,CS202
S0349,CS402
S0350,MUS101
S0350,CS101
S0350,ENG201
S0350,ENG102
S0350,ENG401
S0351,PSYC102
S0351,SOC101
S0351,ENG402
S0351,ENG302
S0351,ART101
S0352,PHYS202
S0352,HIST101
S0352,ART301
S0352,PE302
S0352,MUS401
S0353,CS102
S0353,CS101
S0353,ENG202
S0353,MATH302
S0353,PSYC302
S0353,PHYS201
S0354,PHYS202
S0354,PE202
S0354,MATH101
S0354,PHYS402
S0355,CS301
S0355,ECON102
S0355,CS202
S0355,MATH202
S0356,BIO201
S0356,SOC401
S0356,CHEM402
S0357,ENG102
S0357,PSYC402
S0357,CS401
S0357,PSYC102
S0358,HIST202
S0358,PHYS201
S0358,CS202
S0358,MATH101
S0358,PE401
S0358,PSYC102
S0359,PE102
S0359,MUS202
S0359,MUS302
S0359,MUS102
S0360,BIO301
S0360,MATH301
S0360,CS201
S0360,PHYS102
S0360,MATH202
S0361,BIO201
S0361,HIST302
S0361,ENG202
S0361,ECON401
S0361,PE102
S0362,ECON101
S0362,MATH202
S0362,PHYS102
S0362,ENG101
S0362,CHEM101
S0362,PHYS101
S0363,BIO301
S0363,ENG302
S0363,PHYS402
S0363,CS101
S0364,HIST102
S0364,CHEM201
S0364,HIST201
S0365,BIO401
S0365,HIST302
S0365,PHYS102
S0365,CS301
S0366,ECON102
S0366,PHYS402
S0366,PHYS302
S0367,BIO301
S0367,ECON302
S0367,HIST301
S0367,PE201
S0367,PHYS302
S0368,SOC101
S0368,MATH101
S0368,ART101
S0368,PSYC101
S0368,MUS201
S0369,ECON101
S0369,CS202
S0369,MATH301
S0369,ENG101
S0369,CS301
S0369,BIO202
S0369,BIO401
S0370,HIST102
S0370,BIO202
S0370,MATH102
S0370,PHYS301
S0370,ENG102
S0371,MATH101
S0371,PE202
S0371,MUS102
S0372,ENG302
S0372,SOC102
S0372,PSYC201
S0372,ART301
S0373,PHYS101
S0373,CS101
S0373,MATH401
S0373,PE402
S0373,MUS201
S0374,CHEM301
S0374,ENG201
S0374,CHEM102
S0374,CS201
S0375,PHYS302
S0375,CS301
S0375,CS302
S0375,MATH102
S0375,MATH201
S0376,CS102
S0376,BIO301
S0376,CS302
S0376,MATH201
S0377,CS102
S0377,PE202
S0377,CS101
S0377,MATH202
S0378,PSYC301
S0378,MATH102
S0378,CHEM202
S0378,CHEM101
S0379,CS101
S0379,MATH402
S0379,MATH402
S0379,CHEM102
S0379,CS401
S0380,SOC101
S0380,ECON202
S0380,HIST302
S0380,PSYC302
S0381,MATH401
S0381,PSYC202
S0381,MUS302
S0381,CS102
S0381,HIST101
S0382,SOC401
S0382,HIST202
S0382,HIST102
S0382,PSYC101
S0382,PSYC201
S0382,ECON201
S0383,CS301
S0383,CS301
S0383,SOC102
S0383,SOC101
S0384,ENG101
S0384,CS301
S0384,ECON301
S0384,CS202
S0384,MATH402
S0385,SOC102
S0385,HIST201
S0385,SOC402
S0385,ENG401
S0385,CS302
S0386,CHEM301
S0386,CHEM102
S0386,PHYS302
S0386,CHEM201
S0387,MATH301
S0387,CS402
S0387,CS101
S0387,CS101
S0388,ENG201
S0388,BIO301
S0388,CS202
S0388,CS201
S0389,CHEM202
S0389,ECON401
S0389,PHYS201
S0389,PHYS402
S0390,HIST302
S0390,CS301
S0390,CHEM201
S0390,PHYS302
S0391,ART301
S0391,ART102
S0391,PSYC201
S0391,MUS302
S0392,PHYS102
S0392,HIST401
S0392,CHEM202
S0392,CS302
S0392,CS402
S0392,CS102
S0393,BIO202
S0393,PHYS301
S0393,PHYS402
S0393,CS201
S0394,PSYC301
S0394,PSYC201
S0394,SOC101
S0394,HIST102
S0395,PSYC301
S0395,PHYS101
S0395,PHYS302
S0395,CS301
S0396,ART202
S0396,CHEM302
S0396,MATH101
S0396,ENG301
S0396,CS201
S0397,PSYC101
S0397,ECON302
S0397,ENG302
S0397,SOC301
S0398,HIST102
S0398,MUS401
S0398,ECON202
S0398,PSYC302
S0399,MATH302
S0399,ECON101
S0399,ENG201
S0400,ENG101
S0400,BIO102
S0400,ENG202
S0400,PSYC401
S0401,HIST202
S0401,ART302
S0401,HIST401
S0401,HIST301
S0402,ECON301
S0402,PHYS201
S0402,CS102
S0402,CS201
S0402,PHYS102
S0403,CHEM202
S0403,HIST102
S0403,CS102
S0403,HIST101
S0403,CS401
S0404,PHYS302
S0404,ART102
S0404,SOC201
S0404,MATH201
S0405,BIO102
S0405,ECON202
S0405,BIO301
S0405,SOC202
S0406,PE401
S0406,CS402
S0406,MATH302
S0406,PHYS202
S0407,SOC201
S0407,MATH202
S0407,CS302
S0407,MATH102
S0407,CHEM401
S0408,SOC101
S0408,ENG202
S0408,PHYS201
S0408,HIST202
S0408,PHYS101
S0409,PHYS102
S0409,PHYS202
S0409,PHYS202
S0409,CS302
S0409,MATH101
S0410,HIST202
S0410,HIST402
S0410,ECON201
S0410,PHYS301
S0410,CS201
S0410,ECON202
S0411,MATH102
S0411,BIO401
S0411,BIO302
S0412,BIO302
S0412,CS102
S0412,PHYS401
S0412,ENG302
S0413,PSYC201
S0413,BIO201
S0413,CS301
S0414,HIST401
S0414,CS301
S0414,ECON201
S0414,CS202
S0415,PHYS302
S0415,MATH202
S0415,CS301
S0415,BIO201
S0415,ENG201
S0415,PHYS401
S0416,CS301
S0416,MATH102
S0416,PHYS101
S0416,PHYS401
S0416,MATH302
S0417,CS101
S0417,PSYC102
S0417,PE202
S0418,CS202
S0418,HIST302
S0418,SOC301
S0418,PE302
S0418,ENG101
S0419,BIO302
S0419,CS201
S0419,MATH102
S0419,PHYS201
S0419,CS402
S0420,MATH201
S0420,MATH101
S0420,BIO101
S0420,PHYS402
S0421,PSYC301
S0421,ECON301
S0421,CS402
S0422,PE201
S0422,CHEM101
S0422,ECON102
S0422,MATH201
S0423,MATH202
S0423,ART401
S0423,ECON101
S0423,CHEM301
S0423,ENG101
S0423,HIST102
S0424,CS101
S0424,CS102
S0424,CS101
S0424,CHEM101
S0424,CHEM401
S0425,CS401
S0425,CHEM101
S0425,CHEM201
S0425,MUS101
S0426,ART201
S0426,CS101
S0426,MUS102
S0426,MATH302
S0427,PHYS301
S0427,PHYS101
S0427,CS101
S0427,ENG102
S0427,CS202
S0428,MUS202
S0428,CS202
S0428,CS201
S0428,MATH201
S0429,BIO301
S0429,PE401
S0429,PHYS302
S0429,ENG201
S0429,CS401
S0430,PHYS101
S0430,CHEM302
S0430,ART301
S0430,ART402
S0430,CHEM201
S0431,CS401
S0431,SOC201
S0431,CHEM302
S0431,CS101
S0432,ART102
S0432,CHEM301
S0433,PE302
S0433,ENG301
S0433,ENG301
S0433,ENG201
S0433,CS401
S0434,MUS202
S0434,MATH301
S0434,CHEM102
S0434,CS101
S0435,HIST101
S0435,CS202
S0435,PHYS401
S0435,MATH401
S0436,ENG302
S0436,MUS401
S0436,SOC402
S0436,PE301
S0437,CS302
S0437,MATH102
S0437,MATH301
S0437,BIO401
S0437,CS402
S0438,PHYS302
S0438,SOC401
S0438,BIO201
S0438,PHYS201
S0439,PHYS401
S0439,CS402
S0439,BIO101
S0439,CHEM401
S0439,CS101
S0439,BIO401
S0440,ART301
S0440,MUS101
S0440,PE302
S0440,PSYC201
S0440,SOC302
S0441,CS201
S0441,BIO202
S0441,CHEM301
S0441,PE302
S0441,PHYS201
S0442,PHYS401
S0442,SOC402
S0442,MATH101
S0442,CS201
S0443,CS301
S0443,SOC101
S0443,CS202
S0443,BIO201
S0443,BIO202
S0444,ECON201
S0444,ENG102
S0444,HIST202
S0444,ART201
S0445,MATH402
S0445,PHYS201
S0445,CS101
S0445,MATH101
S0445,PHYS301
S0446,SOC101
S0446,HIST201
S0446,PHYS101
S0446,PSYC201
S0447,HIST402
S0447,BIO201
S0447,PHYS302
S0448,ENG401
S0448,SOC101
S0448,PSYC201
S0448,SOC102
S0449,BIO401
S0449,CS302
S0449,ECON202
S0449,CS101
S0449,SOC402
S0450,SOC102
S0450,CHEM201
S0450,PHYS401
S0450,CHEM302
S0450,PHYS201
S0451,MUS101
S0451,MATH201
S0451,BIO301
S0451,ECON301
S0452,PE201
S0452,CS302
S0452,CS202
S0452,MATH101
S0452,MATH102
S0452,MATH301
S0453,PSYC201
S0453,CHEM302
S0453,PHYS401
S0453,CS201
S0454,ECON401
S0454,MUS201
S0454,MUS102
S0454,MATH301
S0454,ART202
S0455,CHEM301
S0455,PSYC301
S0455,PHYS201
S0455,CS401
S0455,CS102
S0455,CS201
S0456,CS101
S0456,MUS302
S0456,ENG401
S0456,PHYS302
S0457,ART101
S0457,MATH101
S0457,PE201
S0457,PSYC401
S0457,ECON302
S0458,HIST201
S0458,BIO301
S0458,CHEM202
S0458,BIO302
S0459,CHEM202
S0459,PSYC102
S0459,ENG402
S0459,ENG302
S0459,CHEM101
S0459,CHEM102
S0460,CS201
S0460,CHEM301
S0460,PHYS202
S0461,PHYS201
S0461,PSYC302
S0461,SOC301
S0461,BIO401
S0461,ECON302
S0462,CS302
S0462,CHEM101
S0462,PSYC202
S0462,CS302
S0462,CS101
S0463,PSYC402
S0463,CS202
S0463,ENG201
S0463,ART402
S0463,CHEM102
S0464,PE401
S0464,ENG201
S0464,SOC101
S0464,CS302
S0465,PE202
S0465,HIST301
S0465,PHYS201
S0465,MATH402
S0465,CS101
S0466,PE202
S0466,ART101
S0466,PSYC302
S0466,PSYC401
S0466,MATH201
S0467,CHEM301
S0467,CHEM402
S0467,HIST401
S0467,ENG201
S0468,MATH301
S0468,PHYS301
S0468,CHEM402
S0468,ART301
S0469,PHYS401
S0469,ENG301
S0469,PHYS301
S0469,HIST302
S0470,HIST102
S0470,PSYC401
S0470,BIO201
S0470,ENG202
S0471,HIST302
S0471,BIO301
S0471,BIO302
S0471,PHYS402
S0471,PHYS202
S0472,ART301
S0472,MATH402
S0472,SOC302
S0473,PHYS401
S0473,PSYC102
S0473,ENG302
S0473,SOC101
S0473,SOC302
S0474,CS101
S0474,PSYC302
S0474,ENG401
S0474,PHYS101
S0474,ECON101
S0475,PHYS302
S0475,BIO401
S0475,BIO202
S0475,CHEM102
S0475,MATH402
S0476,PSYC202
S0476,SOC201
S0476,PE402
S0476,SOC302
S0476,SOC301
S0476,PE102
S0477,CS101
S0477,ENG401
S0477,PHYS401
S0477,ECON302
S0477,CS102
S0477,PE202
S0478,PE401
S0478,CS302
S0478,ENG401
S0478,PHYS102
S0479,ENG301
S0479,CS401
S0479,ECON401
S0479,PSYC202
S0480,MATH201
S0480,SOC201
S0480,ECON102
S0480,ECON301
S0481,PSYC202
S0481,CS402
S0481,MATH202
S0482,SOC102
S0482,BIO301
S0482,CHEM201
S0482,ECON201
S0483,HIST302
S0483,PSYC302
S0483,PSYC101
S0483,ENG102
S0484,CHEM202
S0484,HIST302
S0484,PHYS302
S0484,PHYS202
S0485,ENG101
S0485,CHEM202
S0485,CS101
S0485,CS401
S0485,BIO202
S0486,ART402
S0486,CHEM402
S0486,ECON201
S0487,ECON401
S0487,ENG301
S0487,HIST201
S0487,ECON302
S0487,ECON101
S0487,ECON401
S0487,MUS402
S0488,CS302
S0488,PHYS202
S0488,CS302
S0488,MATH202
S0489,ENG201
S0489,ECON301
S0489,ART302
S0489,MUS102
S0489,ENG102
S0490,SOC102
S0490,ECON201
S0490,MATH101
S0491,SOC201
S0491,HIST301
S0491,ECON401
S0492,ENG202
S0492,CS302
S0492,CHEM302
S0492,ENG101
S0492,MATH402
S0493,CS401
S0493,PSYC302
S0493,ENG401
S0493,MATH201
S0493,HIST202
S0494,PSYC101
S0494,ENG202
S0494,ECON401
S0495,PHYS301
S0495,PSYC201
S0495,PE301
S0495,MUS401
S0496,CS302
S0496,CS301
S0496,PSYC301
S0496,CS202
S0496,CS101
S0497,ENG102
S0497,BIO102
S0497,PHYS201
S0497,CS301
S0497,MATH101
S0498,ECON201
S0498,ENG101
S0498,ENG102
S0498,CHEM201
S0498,MATH302
S0499,PHYS402
S0499,CHEM301
S0499,CHEM302
S0499,ENG102
S0499,PHYS401
S0500,PHYS101
S0500,ENG101
S0500,MATH302
S0500,CS301
S0500,MATH201
S0501,BIO201
S0501,SOC402
S0501,ENG202
S0502,CS402
S0502,CHEM301
S0502,PHYS302
S0502,PHYS201
S0502,PHYS402
S0503,ENG402
S0503,ECON402
S0503,PSYC202
S0503,PSYC301
S0503,PSYC102
S0504,PHYS202
S0504,ECON402
S0504,CHEM302
S0504,ENG201
S0504,ECON301
S0505,ECON102
S0505,MUS302
S0505,ECON301
S0505,PSYC202
S0505,BIO101
S0506,MUS102
S0506,CHEM201
S0506,CS402
S0506,ECON401
S0507,MATH202
S0507,CHEM102
S0507,BIO202
S0507,SOC201
S0508,PHYS101
S0508,CHEM402
S0508,ART201
S0508,ART402
S0509,PE301
S0509,ENG102
S0509,HIST401
S0509,ENG202
S0509,PSYC101
S0510,PHYS301
S0510,ENG102
S0510,CHEM101
S0510,SOC201
S0511,SOC101
S0511,HIST301
S0511,CHEM301
S0511,CS101
S0511,HIST202
S0512,ENG401
S0512,CS201
S0512,CS301
S0512,ECON301
S0512,CS302
S0513,ENG201
S0513,ART101
S0513,CS402
S0513,PE202
S0514,CS101
S0514,HIST202
S0514,PE302
S0514,ENG302
S0514,SOC102
S0515,ECON202
S0515,ENG102
S0515,HIST102
S0515,ENG201
S0515,HIST301
S0515,HIST101
S0516,ECON302
S0516,CS401
S0516,MATH301
S0516,CS402
S0516,CS201
S0517,MUS401
S0517,SOC301
S0517,ENG201
S0517,PHYS302
S0518,ECON401
S0518,MATH201
S0518,ECON202
S0518,ECON401
S0519,ENG101
S0519,CS102
S0519,ECON102
S0519,PSYC401
S0520,PHYS201
S0520,MATH102
S0520,PHYS202
S0520,CS402
S0521,ECON301
S0521,CS402
S0521,CS401
S0521,CS401
S0522,CS101
S0522,ECON202
S0522,PHYS101
S0522,CS201
S0522,PHYS301
S0523,CS202
S0523,PSYC201
S0523,ENG102
S0523,ENG202
S0523,CHEM101
S0524,ENG302
S0524,ART101
S0524,PSYC302
S0524,CS302
S0524,PHYS102
S0525,MATH301
S0525,CHEM401
S0525,CS301
S0525,PHYS302
S0526,PE101
S0526,ENG201
S0526,HIST101
S0526,SOC101
S0526,HIST401
S0527,CS302
S0527,MATH101
S0527,CS401
S0527,BIO402
S0527,CHEM302
S0528,CS202
S0528,ENG102
S0528,BIO202
S0528,CHEM301
S0528,MATH101
S0529,CHEM402
S0529,HIST202
S0529,CHEM202
S0529,PE301
S0529,ENG401
S0530,ECON401
S0530,ENG202
S0530,ENG402
S0530,ENG301
S0531,ENG402
S0531,ECON202
S0531,PHYS202
S0531,HIST401
S0532,CS201
S0532,PE302
S0532,PSYC301
S0532,ENG201
S0533,PE301
S0533,ENG401
S0533,PE202
S0533,MUS302
S0533,SOC301
S0534,ART102
S0534,CHEM102
S0534,ENG301
S0534,BIO302
S0535,ART202
S0535,ECON401
S0535,PSYC301
S0536,CS102
S0536,ECON201
S0536,SOC401
S0537,PHYS101
S0537,BIO301
S0537,ECON201
S0537,PHYS301
S0537,PHYS401
S0537,CHEM302
S0538,ECON202
S0538,ECON301
S0538,SOC202
S0538,ENG201
S0539,BIO102
S0539,ENG201
S0539,ECON101
S0539,MUS102
S0539,ART301
S0540,PE402
S0540,ENG202
S0540,HIST102
S0540,PSYC202
S0540,ECON101
S0541,BIO302
S0541,ENG401
S0541,ENG101
S0541,PSYC401
S0542,BIO101
S0542,BIO202
S0542,PHYS302
S0542,MATH102
S0542,BIO402
S0543,ENG301
S0543,ENG202
S0543,PSYC201
S0543,PSYC301
S0544,SOC101
S0544,ENG402
S0544,PSYC201
S0544,PHYS202
S0544,MATH201
S0545,CHEM302
S0545,PHYS102
S0545,MUS302
S0545,CHEM301
S0545,ECON201
S0546,BIO101
S0546,CS301
S0546,PE301
S0546,PE201
S0546,CS102
S0547,CHEM201
S0547,ENG201
S0547,MUS101
S0547,ENG102
S0548,CS302
S0548,CHEM301
S0548,CHEM402
S0548,MATH301
S0549,ENG201
S0549,ENG202
S0549,ECON401
S0549,ENG201
S0549,ECON302
S0550,CS301
S0550,PSYC302
S0550,PE102
S0550,HIST202
S0551,HIST401
S0551,PSYC201
S0551,ENG202
S0552,CS102
S0552,CS102
S0552,MATH202
S0552,PHYS102
S0553,PSYC301
S0553,CS401
S0553,CS102
S0553,MATH202
S0553,BIO102
S0554,CHEM202
S0554,ENG401
S0554,MATH401
S0554,ENG201
S0555,PHYS101
S0555,CS302
S0555,ECON401
S0555,HIST301
S0555,PSYC302
S0556,PSYC401
S0556,PSYC101
S0556,PSYC302
S0556,ECON301
S0557,SOC101
S0557,CHEM202
S0557,PSYC302
S0557,MUS201
S0557,MATH201
S0557,SOC202
S0558,ENG102
S0558,PHYS302
S0558,BIO302
S0558,PSYC302
S0559,PHYS102
S0559,MUS401
S0559,PE402
S0559,MUS101
S0560,PHYS201
S0560,CHEM202
S0560,MUS301
S0560,MATH302
S0560,PHYS202
S0561,BIO401
S0561,ENG302
S0561,PHYS302
S0561,CHEM102
S0561,BIO201
S0562,CS302
S0562,ECON301
S0562,MUS201
S0562,CS101
S0563,BIO101
S0563,ENG202
S0563,PHYS101
S0563,CHEM302
S0564,CS402
S0564,MATH202
S0564,CS101
S0565,HIST401
S0565,ART302
S0565,PE301
S0565,SOC102
S0565,ENG201
S0566,MATH101
S0566,SOC101
S0566,ENG402
S0566,MATH101
S0566,PE302
S0567,MATH202
S0567,ENG302
S0567,CS301
S0567,PHYS102
S0568,MATH101
S0568,CS201
S0568,CS302
S0568,CHEM202
S0568,MATH202
S0569,ENG102
S0569,BIO102
S0569,CS402
S0569,HIST302
S0570,ENG302
S0570,HIST201
S0570,HIST101
S0570,PSYC201
S0570,MUS402
S0571,PHYS101
S0571,ENG102
S0571,CS101
S0571,CS302
S0571,PE102
S0572,BIO102
S0572,MATH202
S0572,MATH201
S0572,CS301
S0573,BIO202
S0573,CS102
S0573,ENG201
S0573,CS102
S0574,HIST202
S0574,ECON402
S0574,HIST401
S0574,CHEM201
S0575,SOC102
S0575,BIO202
S0575,CHEM102
S0575,MATH301
S0576,ENG102
S0576,MATH101
S0576,CS101
S0577,ECON201
S0577,MUS202
S0577,HIST401
S0577,SOC101
S0578,MUS202
S0578,CS301
S0578,SOC101
S0578,CS402
S0579,PHYS301
S0579,MATH401
S0579,CS202
S0579,CS301
S0580,PHYS202
S0580,CS302
S0580,HIST402
S0580,MATH401
S0581,PHYS101
S0581,MATH402
S0581,CS101
S0581,CHEM401
S0582,CHEM202
S0582,PE401
S0582,SOC201
S0582,MUS202
S0582,ECON201
S0583,PSYC201
S0583,CHEM202
S0583,CS301
S0583,CS101
S0583,MATH102
S0583,CS102
S0584,CHEM301
S0584,BIO302
S0584,CHEM101
S0584,ECON202
S0585,MATH202
S0585,SOC101
S0585,MATH401
S0585,CHEM201
S0586,PSYC302
S0586,PSYC201
S0586,PHYS202
S0586,SOC102
S0587,PSYC302
S0587,HIST401
S0587,PHYS202
S0587,ECON401
S0587,HIST101
S0588,CS101
S0588,ECON102
S0588,HIST202
S0588,ECON402
S0588,ECON101
S0589,PSYC102
S0589,CS402
S0589,CS302
S0589,MATH402
S0590,CHEM401
S0590,BIO202
S0590,MATH302
S0590,MATH202
S0591,PSYC201
S0591,ENG201
S0591,SOC101
S0591,PE301
S0592,ENG202
S0592,MATH202
S0592,PHYS201
S0592,BIO301
S0592,PHYS402
S0592,CHEM202
S0593,PSYC302
S0593,MATH202
S0593,PHYS302
S0593,PSYC402
S0594,CHEM301
S0594,CS402
S0594,CS401
S0594,CS301
S0595,CS401
S0595,ART101
S0595,CS102
S0595,HIST401
S0595,ENG302
S0595,MATH102
S0596,SOC401
S0596,ECON101
S0596,CHEM201
S0596,HIST102
S0596,ECON302
S0596,PHYS401
S0597,CS301
S0597,CHEM201
S0597,CS102
S0597,CS202
S0598,HIST302
S0598,PSYC302
S0598,BIO101
S0598,CS101
S0598,CS102
S0599,HIST202
S0599,ENG101
S0599,HIST401
S0599,BIO401
S0599,ENG402
S0600,ART202
S0600,ECON401
S0600,PHYS101
S0600,CS202
S0601,PSYC301
S0601,ECON201
S0601,BIO301
S0601,ENG102
S0602,CS401
S0602,ART101
S0602,CS202
S0602,ECON101
S0602,MATH101
S0603,ART101
S0603,PHYS102
S0603,CS102
S0603,PHYS201
S0603,MATH101
S0604,PE202
S0604,ENG101
S0604,PHYS302
S0605,ENG201
S0605,SOC102
S0605,BIO401
S0605,ECON101
S0606,ART102
S0606,ENG202
S0606,PHYS301
S0606,ECON301
S0606,CS302
S0607,CS202
S0607,PSYC201
S0607,ENG302
S0607,ENG201
S0608,CS401
S0608,SOC102
S0608,MUS402
S0608,CS301
S0608,ECON101
S0609,SOC102
S0609,ENG102
S0609,CS401
S0609,CS402
S0610,ECON301
S0610,BIO201
S0610,CS101
S0610,CS202
S0611,PE202
S0611,HIST201
S0611,CS302
S0611,ECON201
S0612,ECON202
S0612,PHYS102
S0612,CS101
S0612,CHEM202
S0613,CS202
S0613,PHYS101
S0613,BIO301
S0613,MATH302
S0613,CHEM101
S0614,SOC101
S0614,SOC101
S0614,PHYS401
S0614,PE401
S0615,PE201
S0615,HIST302
S0615,MUS302
S0615,SOC101
S0615,ENG301
S0616,CS102
S0616,ENG302
S0616,PE302
S0616,PE201
S0617,PHYS401
S0617,CS202
S0617,ENG402
S0617,CS302
S0617,CHEM101
S0618,CS401
S0618,PHYS301
S0618,ART101
S0618,MATH402
S0618,ENG302
S0619,PSYC202
S0619,PE201
S0619,MATH301
S0619,CS401
S0619,CS401
S0619,PE201
S0620,PHYS302
S0620,BIO101
S0620,PHYS401
S0620,MUS102
S0620,ENG402
S0621,PSYC202
S0621,ENG202
S0621,HIST101
S0621,CS302
S0621,HIST301
S0622,ECON301
S0622,CS302
S0622,SOC302
S0622,PE301
S0623,BIO302
S0623,MATH402
S0623,ECON202
S0623,PSYC302
S0623,ENG302
S0624,MATH102
S0624,CS301
S0624,CHEM101
S0624,PHYS202
S0624,ECON302
S0625,CS301
S0625,SOC402
S0625,CHEM302
S0625,PHYS402
S0625,MATH102
S0626,PE401
S0626,SOC302
S0626,CHEM101
S0627,HIST402
S0627,CHEM102
S0627,BIO201
S0628,PHYS101
S0628,CHEM201
S0628,PHYS101
S0628,BIO302
S0629,MATH102
S0629,ENG302
S0629,CS102
S0629,ENG202
S0630,CHEM202
S0630,CHEM102
S0630,MATH202
S0630,CS402
S0631,ENG302
S0631,PHYS102
S0631,MATH401
S0631,PHYS101
S0631,BIO202
S0632,PE201
S0632,HIST202
S0632,HIST302
S0632,SOC401
S0632,ART101
S0633,CS101
S0633,PE102
S0633,CHEM302
S0633,MUS302
S0634,PSYC202
S0634,ENG202
S0634,ART102
S0634,PSYC201
S0634,PE101
S0635,PE401
S0635,SOC202
S0635,ENG401
S0635,ENG201
S0635,MUS202
S0636,MATH102
S0636,BIO401
S0636,ENG101
S0636,HIST301
S0636,PSYC101
S0636,PE401
S0637,MATH201
S0637,PHYS401
S0637,BIO201
S0637,CHEM201
S0638,HIST102
S0638,PHYS102
S0638,CHEM102
S0638,ENG102
S0639,BIO202
S0639,SOC201
S0639,ENG301
S0639,HIST301
S0640,ECON301
S0640,PSYC201
S0640,ENG102
S0640,HIST401
S0640,PSYC101
S0641,PHYS101
S0641,MATH201
S0641,PSYC201
S0641,CS401
S0642,CS402
S0642,CHEM301
S0642,HIST102
S0643,PSYC201
S0643,PE302
S0643,MUS301
S0643,MUS101
S0644,ENG402
S0644,CS202
S0644,PHYS202
S0644,PHYS302
S0644,PHYS401
S0645,MUS301
S0645,PSYC301
S0645,MUS302
S0645,PSYC201
S0645,PE202
S0646,PHYS102
S0646,BIO302
S0646,ART101
S0646,CHEM302
S0647,PHYS102
S0647,PE101
S0647,CS202
S0647,BIO301
S0648,ENG201
S0648,PSYC101
S0648,PHYS401
S0648,ENG302
S0648,BIO101
S0649,HIST102
S0649,BIO101
S0649,MATH102
S0649,SOC401
S0649,MATH102
S0649,CS401
S0650,CS202
S0650,BIO402
S0650,CS302
S0650,CHEM401
S0651,MATH202
S0651,CS201
S0651,CS101
S0651,ECON101
S0652,PSYC401
S0652,CS402
S0652,BIO301
S0652,MATH301
S0652,CHEM402
S0653,BIO101
S0653,CHEM101
S0653,CS201
S0653,ENG301
S0653,BIO302
S0654,PE301
S0654,PHYS201
S0654,CS401
S0654,PSYC302
S0654,PSYC402
S0655,PHYS401
S0655,MUS201
S0655,CHEM201
S0655,ENG102
S0656,CHEM101
S0656,PHYS401
S0656,CS401
S0656,CHEM202
S0656,MATH301
S0657,CS402
S0657,HIST401
S0657,MATH101
S0657,MUS102
S0658,CS302
S0658,PE302
S0658,ENG402
S0658,HIST302
S0658,BIO202
S0659,CS202
S0659,PHYS102
S0659,CS401
S0659,PSYC202
S0660,ECON401
S0660,PE302
S0660,HIST302
S0660,HIST102
S0661,SOC401
S0661,PE301
S0661,SOC102
S0661,PSYC102
S0662,PSYC301
S0662,CHEM102
S0662,PHYS401
S0662,CHEM302
S0662,BIO201
S0663,ENG101
S0663,PHYS302
S0663,PHYS301
S0663,CHEM302
S0664,CHEM402
S0664,PSYC201
S0664,CHEM302
S0664,CS302
S0665,ECON402
S0665,ENG202
S0665,ECON202
S0665,MUS402
S0665,PSYC201
S0666,ENG201
S0666,MUS201
S0666,ART101
S0666,ECON401
S0666,PSYC301
S0667,ECON202
S0667,HIST202
S0667,PSYC101
S0667,BIO302
S0668,PSYC201
S0668,HIST202
S0668,PHYS402
S0668,PHYS101
S0668,ENG202
S0669,PHYS101
S0669,CS201
S0669,CHEM102
S0669,ART102
S0669,ENG201
S0669,CHEM301
S0670,CHEM201
S0670,HIST101
S0670,PE302
S0670,ECON401
S0670,MUS201
S0671,SOC101
S0671,CS201
S0671,PSYC202
S0671,CS201
S0672,CS202
S0672,CHEM201
S0672,CS201
S0672,CS402
S0672,MATH402
S0673,PSYC202
S0673,CHEM301
S0673,MATH302
S0673,CS202
S0673,MATH402
S0674,SOC202
S0674,PE201
S0674,CS302
S0674,PSYC201
S0675,PSYC202
S0675,CS402
S0675,BIO201
S0675,SOC102
S0675,ENG201
S0676,PSYC301
S0676,CS201
S0676,CS101
S0676,MATH202
S0676,CS102
S0677,MATH202
S0677,MATH201
S0677,MATH401
S0677,BIO201
S0677,CHEM301
S0678,HIST202
S0678,MATH202
S0678,CS302
S0678,CS101
S0678,MATH202
S0679,ART101
S0679,ECON402
S0679,ART102
S0679,CS401
S0680,MUS401
S0680,ART402
S0680,CS301
S0680,SOC201
S0680,CHEM302
S0681,MUS102
S0681,PHYS302
S0681,SOC301
S0681,CS102
S0682,ECON101
S0682,HIST301
S0682,BIO201
S0682,PSYC401
S0682,PHYS301
S0683,CS402
S0683,PHYS201
S0683,PSYC302
S0683,PE201
S0683,CHEM201
S0684,BIO202
S0684,PE201
S0684,HIST302
S0684,BIO201
S0685,ENG201
S0685,CHEM101
S0685,ART302
S0685,HIST201
S0686,CS402
S0686,PSYC101
S0686,ENG401
S0686,ENG301
S0687,CHEM201
S0687,MUS302
S0687,HIST101
S0687,MATH101
S0687,ECON402
S0688,ECON401
S0688,ENG202
S0688,HIST202
S0688,PSYC101
S0689,PSYC102
S0689,SOC302
S0689,SOC201
S0689,HIST101
S0690,ART102
S0690,MUS301
S0690,ECON302
S0690,PSYC302
S0691,PSYC201
S0691,CHEM402
S0691,MATH202
S0691,PHYS301
S0692,PHYS101
S0692,MUS101
S0692,PHYS402
S0692,CS102
S0693,CHEM301
S0693,MUS301
S0693,HIST102
S0693,HIST202
S0694,HIST201
S0694,SOC201
S0694,PE202
S0694,HIST202
S0694,MUS202
S0695,MATH202
S0695,MATH201
S0695,MATH401
S0695,CS301
S0695,MATH302
S0696,BIO102
S0696,BIO102
S0696,PE302
S0697,ENG101
S0697,ECON202
S0697,MATH202
S0697,HIST102
S0697,ENG102
S0698,PHYS102
S0698,MUS101
S0698,HIST202
S0698,CS201
S0698,SOC102
S0699,CHEM201
S0699,SOC201
S0699,PHYS302
S0699,BIO301
S0700,CS401
S0700,CHEM201
S0700,MATH302
S0700,ENG101
S0701,CHEM101
S0701,BIO402
S0701,MUS302
S0701,CS102
S0701,CS201
S0702,PHYS202
S0702,BIO301
S0702,PHYS302
S0702,SOC102
S0703,PE201
S0703,ART301
S0703,PE401
S0704,MATH302
S0704,ENG101
S0704,ART202
S0704,SOC202
S0704,ART101
S0705,PSYC402
S0705,SOC102
S0705,HIST101
S0705,ENG201
S0706,MUS201
S0706,ECON202
S0706,ECON401
S0706,PE102
S0706,HIST302
S0707,HIST302
S0707,ENG302
S0707,HIST301
S0707,ECON302
S0707,CS402
S0708,PHYS202
S0708,CHEM301
S0708,CS402
S0708,MATH302
S0708,PHYS201
S0709,ART102
S0709,ENG402
S0709,BIO301
S0709,MATH401
S0710,PSYC401
S0710,CHEM302
S0710,CS101
S0710,CS402
S0710,MATH302
S0711,ENG202
S0711,MATH202
S0711,PHYS301
S0711,CS101
S0711,MATH202
S0712,CS301
S0712,HIST201
S0712,CHEM301
S0712,ART101
S0713,PHYS102
S0713,MUS102
S0713,MATH401
S0713,PHYS401
S0714,CS401
S0714,ENG101
S0714,CS402
S0714,CS301
S0714,PHYS301
S0715,ECON401
S0715,SOC101
S0715,SOC201
S0715,PE302
S0715,HIST102
S0716,CS401
S0716,HIST201
S0716,PSYC302
S0716,PHYS302
S0716,PE102
S0716,BIO401
S0717,CS101
S0717,CS402
S0717,CS102
S0717,CS101
S0718,CS401
S0718,CS202
S0718,MATH402
S0718,CS101
S0718,CS202
S0719,PSYC301
S0719,ECON402
S0719,PE401
S0720,HIST202
S0720,CS201
S0720,PE402
S0720,CS402
S0720,MATH101
S0720,MATH202
S0721,MATH401
S0721,PSYC102
S0721,PE101
S0721,MUS102
S0721,ART101
S0721,ART202
S0722,CS101
S0722,CHEM301
S0722,SOC401
S0722,PSYC202
S0723,MATH202
S0723,BIO101
S0723,PHYS302
S0723,CHEM102
S0724,SOC201
S0724,PE401
S0724,HIST201
S0724,ENG402
S0724,ECON201
S0725,CS402
S0725,BIO101
S0725,MATH402
S0725,CS301
S0726,MATH202
S0726,MATH102
S0726,CS101
S0726,CS302
S0727,CS302
S0727,PSYC301
S0727,CS201
S0727,PSYC401
S0727,ART302
S0727,CS301
S0728,ENG302
S0728,CS401
S0728,HIST102
S0728,CS101
S0729,CS202
S0729,ART201
S0729,PE302
S0729,SOC401
S0730,PE101
S0730,PSYC401
S0730,HIST202
S0730,CS401
S0730,BIO201
S0730,CHEM202
S0731,SOC402
S0731,PE301
S0731,PSYC401
S0731,PSYC402
S0731,ART301
S0732,PHYS301
S0732,CS201
S0732,PSYC102
S0733,ENG102
S0733,ENG401
S0733,HIST401
S0733,ART401
S0734,SOC301
S0734,SOC402
S0734,PSYC302
S0734,CS202
S0734,PE201
S0735,MATH102
S0735,ECON201
S0735,MATH302
S0735,MATH102
S0736,CHEM302
S0736,CS302
S0736,MATH302
S0737,PHYS201
S0737,PHYS302
S0737,MATH202
S0737,ECON401
S0737,PSYC101
S0738,MATH302
S0738,PE201
S0738,BIO202
S0738,PSYC102
S0739,PSYC302
S0739,CHEM401
S0739,PHYS401
S0739,CHEM301
S0739,ECON401
S0740,ENG101
S0740,CHEM202
S0740,CS201
S0740,ART401
S0740,MATH302
S0741,HIST301
S0741,ENG201
S0741,PSYC102
S0741,PSYC302
S0742,PSYC102
S0742,CS302
S0742,SOC202
S0742,PSYC302
S0742,ECON401
S0743,ENG101
S0743,CS302
S0743,ENG301
S0743,SOC401
S0744,CS402
S0744,CS102
S0744,CS301
S0744,ENG402
S0745,SOC102
S0745,PHYS301
S0745,CHEM302
S0745,ENG202
S0746,SOC102
S0746,BIO402
S0746,CS101
S0746,CS102
S0746,CS302
S0747,PE401
S0747,MATH102
S0747,ENG101
S0747,CS101
S0748,MUS302
S0748,ART202
S0748,PE101
S0748,ART302
S0749,ART101
S0749,SOC102
S0749,PE202
S0749,PE302
S0750,CHEM401
S0750,ART402
S0750,HIST301
S0750,CS202
S0751,ENG101
S0751,PHYS102
S0751,CHEM302
S0751,PE102
S0751,CS101
S0752,HIST201
S0752,PE301
S0752,MUS201
S0752,MATH301
S0752,SOC402
S0753,PSYC301
S0753,PE202
S0753,SOC302
S0753,PE301
S0754,PHYS301
S0754,HIST201
S0754,PSYC201
S0754,PE301
S0755,CS201
S0755,BIO201
S0755,PE201
S0755,PSYC201
S0755,PE401
S0756,CHEM301
S0756,MUS202
S0756,SOC301
S0756,HIST101
S0757,MATH401
S0757,CS302
S0757,CS402
S0757,CS102
S0758,HIST102
S0758,CS302
S0758,CHEM202
S0758,MATH401
S0759,BIO401
S0759,BIO401
S0759,PE301
S0760,ENG302
S0760,HIST101
S0760,PSYC302
S0760,ENG102
S0760,ECON301
S0761,ENG201
S0761,BIO301
S0761,CS401
S0761,MATH302
S0761,CS102
S0762,CS302
S0762,CHEM201
S0762,ECON301
S0762,ENG102
S0762,PE401
S0763,ART302
S0763,CS401
S0763,ART102
S0763,CHEM302
S0764,MUS202
S0764,ENG401
S0764,CS402
S0764,PHYS102
S0765,SOC401
S0765,PSYC201
S0765,CS202
S0765,CS201
S0765,PSYC402
S0766,MUS102
S0766,PHYS101
S0766,PE201
S0766,SOC201
S0767,SOC401
S0767,HIST202
S0767,CHEM301
S0767,CS401
S0768,PSYC301
S0768,HIST401
S0768,CS402
S0768,CHEM401
S0769,CHEM401
S0769,MUS402
S0769,MATH302
S0769,BIO401
S0769,ECON202
S0770,PSYC302
S0770,ART301
S0770,ECON301
S0770,CS401
S0771,PHYS202
S0771,BIO301
S0771,ENG402
S0771,CS401
S0771,CS301
S0771,MATH202
S0772,CHEM202
S0772,HIST101
S0772,PSYC202
S0772,ENG101
S0772,PHYS302
S0772,BIO201
S0773,CS302
S0773,ENG302
S0773,PHYS101
S0773,CS101
S0773,CS201
S0774,MUS402
S0774,CS301
S0774,PHYS301
S0775,SOC402
S0775,PHYS301
S0775,MATH102
S0775,MATH202
S0775,CS101
S0776,ENG301
S0776,PE301
S0776,ART302
S0776,PSYC201
S0777,MUS101
S0777,ECON302
S0777,CS301
S0777,ENG301
S0777,ENG102
S0778,PHYS302
S0778,SOC102
S0778,PHYS301
S0778,PE201
S0778,CS402
S0779,BIO302
S0779,HIST302
S0779,SOC201
S0779,ART102
S0779,HIST101
S0780,PSYC302
S0780,PHYS202
S0780,ENG102
S0781,ECON302
S0781,ECON101
S0781,ECON102
S0781,PSYC302
S0781,PSYC102
S0782,MATH101
S0782,ART301
S0782,SOC401
S0782,PE101
S0782,SOC102
S0783,PHYS402
S0783,PHYS101
S0783,BIO202
S0783,ENG101
S0783,HIST201
S0784,ENG302
S0784,MATH101
S0784,CHEM102
S0784,PSYC301
S0784,CS201
S0785,PSYC302
S0785,MUS301
S0785,PSYC301
S0785,PSYC202
S0785,ENG201
S0786,SOC101
S0786,SOC401
S0786,PE102
S0786,BIO302
S0786,PE101
S0786,MATH102
S0787,ART101
S0787,PSYC401
S0787,SOC101
S0787,ECON202
S0788,SOC102
S0788,ENG101
S0788,HIST201
S0788,ENG301
S0789,CS301
S0789,ENG202
S0789,ENG101
S0789,CS102
S0789,ECON201
S0790,CHEM102
S0790,HIST302
S0790,ECON101
S0790,MATH302
S0790,MUS201
S0790,PSYC302
S0791,BIO301
S0791,PSYC102
S0791,MUS102
S0791,CS101
S0792,PSYC201
S0792,ENG102
S0792,CS302
S0792,CS402
S0793,PHYS402
S0793,ENG402
S0793,ART101
S0794,PE302
S0794,CS202
S0794,PSYC101
S0794,HIST302
S0795,MUS402
S0795,ART401
S0795,PE101
S0795,PE301
S0795,PE102
S0796,SOC102
S0796,CS301
S0796,MATH202
S0797,ART202
S0797,CHEM301
S0797,BIO102
S0797,CS101
S0797,BIO401
S0798,HIST102
S0798,CS101
S0798,CS302
S0798,CS402
S0798,PHYS102
S0799,PHYS202
S0799,CS101
S0799,MATH101
S0799,PHYS101
S0799,CS302
S0800,PSYC102
S0800,ECON301
S0800,PSYC301
S0800,ECON102
S0800,ECON102
S0801,PSYC302
S0801,CS401
S0801,PE202
S0801,MATH201
S0801,PE102
S0802,CS401
S0802,CS202
S0802,ECON102
S0802,PHYS102
S0803,CS101
S0803,HIST102
S0803,MATH102
S0803,BIO202
S0803,CS102
S0804,ENG102
S0804,PE402
S0804,PHYS402
S0804,BIO402
S0804,ECON401
S0805,CS202
S0805,CS401
S0805,CS101
S0805,PHYS302
S0805,PSYC301
S0806,PHYS302
S0806,PSYC301
S0806,CS102
S0806,MATH101
S0806,ENG201
S0807,PHYS201
S0807,PHYS101
S0807,CS201
S0807,CS301
S0807,CS202
S0808,PE201
S0808,BIO301
S0808,CS401
S0808,MATH302
S0809,ENG301
S0809,ENG102
S0809,MUS101
S0810,ENG301
S0810,PHYS401
S0810,CHEM402
S0810,BIO401
S0810,BIO301
S0810,CHEM201
S0811,PHYS101
S0811,CHEM302
S0811,MATH102
S0811,BIO301
S0811,CHEM301
S0812,PHYS302
S0812,MATH301
S0812,CS102
S0812,MATH201
S0812,ECON402
S0813,MUS401
S0813,HIST201
S0813,CS302
S0813,HIST202
S0813,ENG202
S0814,MUS401
S0814,SOC402
S0814,MATH202
S0814,SOC102
S0815,MATH101
S0815,ART101
S0815,SOC201
S0815,PE402
S0815,CS101
S0816,ENG201
S0816,HIST302
S0816,PSYC401
S0816,PHYS102
S0817,PHYS401
S0817,PSYC101
S0817,BIO401
S0817,MATH402
S0817,CS302
S0818,MATH102
S0818,CHEM302
S0818,CS402
S0818,BIO301
S0818,HIST302
S0819,PSYC101
S0819,PE201
S0819,SOC102
S0819,ECON202
S0820,CS302
S0820,ECON101
S0820,SOC101
S0820,CS102
S0820,PHYS302
S0821,BIO302
S0821,ART101
S0821,HIST202
S0821,BIO202
S0822,ENG201
S0822,ENG401
S0822,PHYS101
S0822,CS101
S0823,ECON202
S0823,PSYC302
S0823,PE101
S0823,SOC102
S0824,CS201
S0824,CHEM202
S0824,ENG202
S0824,ENG201
S0824,BIO102
S0825,MATH101
S0825,CHEM102
S0825,BIO202
S0825,CHEM401
S0826,CS202
S0826,MATH102
S0826,ENG301
S0826,MATH401
S0826,CS401
S0827,PSYC202
S0827,PE302
S0827,SOC102
S0827,HIST102
S0828,PHYS301
S0828,MUS101
S0828,PE202
S0828,PE201
S0828,PE401
S0829,CS201
S0829,ECON101
S0829,MATH202
S0829,PSYC201
S0830,CS102
S0830,PSYC302
S0830,ECON101
S0830,SOC102
S0830,BIO401
S0831,ECON301
S0831,CHEM302
S0831,CS101
S0831,CS101
S0832,ENG302
S0832,PHYS201
S0832,CS401
S0833,CS401
S0833,ENG201
S0833,MATH401
S0833,CS301
S0833,MATH301
S0834,PSYC402
S0834,PHYS102
S0834,CS101
S0834,CS302
S0835,ENG201
S0835,CHEM201
S0835,MATH102
S0835,CHEM402
S0836,SOC102
S0836,ART101
S0836,HIST102
S0836,ART202
S0836,ART201
S0837,CS201
S0837,MATH102
S0837,MATH101
S0837,MATH202
S0837,MATH301
S0838,PSYC302
S0838,ECON202
S0838,PHYS102
S0838,CHEM201
S0839,PSYC201
S0839,ECON101
S0839,PSYC201
S0840,PHYS102
S0840,MATH201
S0840,MATH102
S0841,MUS101
S0841,CHEM102
S0841,MUS102
S0842,ENG402
S0842,BIO401
S0842,MATH301
S0842,MATH101
S0843,MATH101
S0843,BIO101
S0843,MATH402
S0843,BIO401
S0844,CHEM401
S0844,PSYC202
S0844,CS301
S0844,CS202
S0845,PHYS202
S0845,CHEM302
S0845,HIST102
S0845,ECON101
S0846,ENG201
S0846,ART401
S0846,PE101
S0846,PSYC201
S0846,CS101
S0847,PSYC201
S0847,CHEM401
S0847,BIO202
S0848,ART301
S0848,CHEM102
S0848,ECON401
S0848,PE401
S0849,PSYC102
S0849,BIO202
S0849,CS101
S0850,MATH101
S0850,CHEM202
S0850,CS101
S0850,SOC401
S0851,BIO402
S0851,MATH402
S0851,CHEM101
S0851,MATH102
S0852,ENG102
S0852,ECON402
S0852,PSYC102
S0852,ENG301
S0852,ART201
S0853,ART102
S0853,ENG301
S0853,SOC102
S0853,MATH302
S0854,CS202
S0854,CS101
S0854,PHYS201
S0854,ENG102
S0854,MATH101
S0855,HIST401
S0855,CS401
S0855,CS402
S0856,ENG201
S0856,CS301
S0856,ENG402
S0856,MATH401
S0856,CS402
S0857,MUS401
S0857,CHEM102
S0857,HIST401
S0857,ECON201
S0858,CS101
S0858,HIST202
S0858,SOC401
S0858,PHYS202
S0859,HIST101
S0859,CHEM401
S0859,PHYS302
S0859,BIO402
S0860,ECON202
S0860,CS102
S0860,CS402
S0860,CHEM301
S0861,ECON201
S0861,PHYS202
S0861,CHEM201
S0861,PHYS101
S0861,CS202
S0861,CS402
S0862,PHYS302
S0862,ENG201
S0862,SOC302
S0862,ENG302
S0863,PHYS201
S0863,CHEM302
S0863,CS402
S0864,ENG202
S0864,CHEM201
S0864,PSYC102
S0864,MUS101
S0865,ENG202
S0865,BIO302
S0865,HIST202
S0865,CHEM401
S0865,CS201
S0866,PSYC201
S0866,PSYC201
S0866,MATH302
S0866,HIST302
S0867,MATH402
S0867,ENG102
S0867,PHYS302
S0868,PSYC102
S0868,CS201
S0868,ENG101
S0869,PHYS101
S0869,ENG301
S0869,MUS101
S0869,ENG201
S0870,PSYC302
S0870,ENG301
S0870,ART401
S0870,HIST102
S0871,CS101
S0871,BIO301
S0871,PSYC402
S0871,ENG202
S0872,PSYC202
S0872,MUS402
S0872,ART101
S0872,CHEM301
S0872,ECON102
S0873,HIST301
S0873,CS201
S0873,MATH101
S0873,MATH201
S0874,PE302
S0874,SOC101
S0874,CS401
S0874,CS102
S0874,PSYC201
S0875,HIST401
S0875,PHYS101
S0875,BIO302
S0875,ENG202
S0875,ENG102
S0875,BIO101
S0876,PSYC302
S0876,ECON302
S0876,ENG302
S0876,ENG101
S0877,CS302
S0877,ECON201
S0877,CHEM201
S0877,PSYC401
S0878,CS101
S0878,PE201
S0878,CS402
S0878,MATH201
S0879,HIST102
S0879,CHEM301
S0879,MATH302
S0879,CS202
S0880,PHYS402
S0880,CS402
S0880,CS401
S0880,CS102
S0880,CS202
S0881,ECON102
S0881,ART102
S0881,ECON102
S0881,PSYC201
S0881,HIST402
S0882,SOC201
S0882,PHYS101
S0882,PHYS402
S0882,MATH301
S0883,ENG201
S0883,ENG101
S0883,ENG102
S0883,CS302
S0884,PSYC302
S0884,PE401
S0884,SOC102
S0884,SOC101
S0885,MATH402
S0885,PE202
S0885,SOC301
S0885,BIO402
S0885,MUS102
S0886,PHYS301
S0886,MUS301
S0886,PHYS101
S0886,MUS101
S0887,MATH201
S0887,CS202
S0887,MATH302
S0887,CHEM202
S0888,PE402
S0888,CS202
S0888,CHEM302
S0888,MATH402
S0889,CHEM101
S0889,BIO101
S0889,MATH201
S0889,CS302
S0890,MUS401
S0890,CS101
S0890,CHEM202
S0890,CS101
S0890,PHYS101
S0891,CHEM102
S0891,SOC101
S0891,ENG302
S0891,PE102
S0892,ENG101
S0892,MUS101
S0892,CS402
S0892,ART202
S0892,PSYC401
S0893,BIO101
S0893,SOC102
S0893,ECON202
S0893,CS102
S0893,HIST102
S0894,CS202
S0894,PSYC301
S0894,ART202
S0894,PHYS302
S0895,CS201
S0895,PE102
S0895,CS302
S0895,PHYS302
S0895,CHEM302
S0895,CHEM402
S0896,BIO201
S0896,ENG101
S0896,PE101
S0897,MUS101
S0897,CHEM102
S0897,PHYS202
S0897,CHEM102
S0897,PHYS402
S0898,CS101
S0898,PE401
S0898,PSYC202
S0898,ENG301
S0898,BIO101
S0899,ART401
S0899,CS402
S0899,PSYC302
S0899,HIST201
S0900,ART202
S0900,PSYC102
S0900,HIST202
S0900,ENG302
S0901,PSYC302
S0901,ENG301
S0901,CHEM302
S0901,BIO102
S0902,PHYS101
S0902,SOC101
S0902,CS101
S0902,CHEM102
S0902,CS101
S0903,HIST401
S0903,PSYC201
S0903,ART401
S0903,CHEM202
S0903,ENG402
S0903,PHYS302
S0904,SOC402
S0904,CS101
S0904,BIO102
S0904,CS302
S0905,CS101
S0905,ENG302
S0905,BIO302
S0905,ENG401
S0905,MATH102
S0906,ART401
S0906,ART302
S0906,ENG302
S0906,ENG101
S0906,HIST301
S0907,CHEM301
S0907,ART102
S0907,MATH101
S0907,SOC401
S0907,ENG102
S0908,ENG201
S0908,BIO102
S0908,BIO302
S0909,PSYC201
S0909,ENG401
S0909,ENG302
S0910,CS201
S0910,PE202
S0910,MATH302
S0910,BIO401
S0910,BIO401
S0911,ENG102
S0911,BIO202
S0911,PHYS302
S0911,ENG101
S0912,PSYC401
S0912,CS301
S0912,ECON101
S0912,HIST201
S0912,CS102
S0913,MATH101
S0913,PHYS302
S0913,CS301
S0913,CS401
S0914,PHYS201
S0914,ECON202
S0914,CS301
S0914,HIST301
S0915,MUS402
S0915,PSYC302
S0915,PSYC201
S0915,HIST302
S0915,ECON301
S0916,SOC101
S0916,CS302
S0916,CS201
S0916,MATH201
S0916,MATH301
S0917,PE102
S0917,ENG201
S0917,ART201
S0917,PSYC401
S0917,PSYC302
S0918,SOC201
S0918,ENG101
S0918,MATH302
S0919,ENG101
S0919,SOC301
S0919,HIST302
S0919,ENG402
S0919,HIST302
S0920,HIST202
S0920,MATH102
S0920,CS402
S0920,CS302
S0920,MATH401
S0921,ENG202
S0921,BIO201
S0921,PHYS101
S0921,PHYS402
S0921,ENG401
S0922,CS101
S0922,CS301
S0922,ENG201
S0922,PSYC202
S0923,PSYC202
S0923,CS202
S0923,MATH301
S0923,ENG202
S0923,PSYC302
S0923,BIO101
S0924,ART101
S0924,PSYC201
S0924,PSYC101
S0924,MUS102
S0925,MATH301
S0925,PSYC401
S0925,CS302
S0925,MATH301
S0926,HIST301
S0926,ENG102
S0926,HIST202
S0926,MATH102
S0926,CS402
S0927,CS101
S0927,MATH401
S0927,CS301
S0927,PHYS302
S0927,CHEM301
S0928,BIO101
S0928,MATH202
S0928,CS102
S0928,MATH202
S0928,MATH201
S0928,CS102
S0929,HIST401
S0929,CS402
S0929,ENG301
S0929,PHYS302
S0930,PSYC102
S0930,BIO401
S0930,SOC402
S0930,PE301
S0931,PHYS401
S0931,CS402
S0931,ART301
S0931,CS401
S0932,BIO401
S0932,PHYS201
S0932,ART202
S0932,CS402
S0932,CS201
S0932,HIST401
S0933,SOC401
S0933,PE102
S0933,PHYS201
S0933,PE401
S0934,CS402
S0934,PE101
S0934,ECON202
S0934,ECON301
S0935,ART402
S0935,ECON301
S0935,SOC101
S0935,PSYC401
S0935,SOC102
S0936,MUS401
S0936,BIO102
S0936,MATH201
S0936,CS402
S0937,MATH301
S0937,PHYS302
S0937,CS302
S0937,PHYS401
S0937,MATH101
S0937,BIO101
S0938,CS401
S0938,CS101
S0938,ART301
S0938,ENG201
S0939,CS102
S0939,ART101
S0939,PSYC202
S0939,ECON101
S0940,BIO102
S0940,BIO402
S0940,MUS201
S0940,CS302
S0941,CS402
S0941,SOC102
S0941,CHEM202
S0941,CS101
S0942,PSYC201
S0942,MATH202
S0942,BIO202
S0942,CHEM101
S0942,BIO301
S0943,CS402
S0943,PE401
S0943,CHEM102
S0943,ECON302
S0943,PHYS402
S0944,ECON202
S0944,CHEM101
S0944,CS402
S0944,ENG302
S0944,MATH201
S0945,CS202
S0945,PE101
S0945,PE302
S0945,HIST402
S0945,HIST102
S0946,ENG302
S0946,MUS101
S0946,SOC101
S0946,ART102
S0946,PSYC202
S0947,BIO202
S0947,CS301
S0947,PHYS402
S0947,BIO302
S0948,CS302
S0948,ENG201
S0948,CS201
S0948,MATH102
S0948,PHYS201
S0949,ECON102
S0949,SOC201
S0949,MATH302
S0949,CS202
S0950,CS401
S0950,ECON201
S0950,PHYS201
S0950,CS401
S0950,BIO202
S0951,BIO302
S0951,PE402
S0951,MATH401
S0952,ENG202
S0952,CS101
S0952,CS402
S0952,PE301
S0952,CS201
S0952,CS301
S0953,PHYS301
S0953,PHYS101
S0953,ENG202
S0954,CS302
S0954,CS102
S0954,CS401
S0954,MATH301
S0954,MATH102
S0954,PSYC201
S0955,ENG402
S0955,PE401
S0955,ENG402
S0955,SOC402
S0956,CS201
S0956,PHYS101
S0956,PHYS401
S0956,MATH401
S0957,SOC102
S0957,PSYC301
S0957,PHYS201
S0957,MATH302
S0957,HIST401
S0958,CS101
S0958,MATH202
S0958,PHYS202
S0958,MATH402
S0958,MATH401
S0959,CHEM201
S0959,MATH101
S0959,CS402
S0959,PE302
S0959,ENG402
S0960,MATH402
S0960,CS402
S0960,PHYS301
S0960,CS401
S0961,MATH301
S0961,ECON202
S0961,ECON102
S0961,CS202
S0961,PHYS201
S0962,CS202
S0962,MATH302
S0962,PSYC401
S0962,PSYC201
S0963,ECON302
S0963,ECON301
S0963,CS202
S0963,HIST402
S0963,BIO101
S0964,ENG202
S0964,HIST201
S0964,HIST102
S0964,ENG302
S0964,ECON401
S0965,MATH201
S0965,MUS401
S0965,HIST401
S0965,CS402
S0966,PHYS101
S0966,CS102
S0966,MATH201
S0966,MUS402
S0966,HIST201
S0966,HIST202
S0967,CS102
S0967,HIST202
S0967,ART102
S0967,ECON101
S0968,CS302
S0968,ECON401
S0968,CHEM401
S0968,ENG102
S0969,MUS101
S0969,PHYS102
S0969,BIO401
S0969,CS401
S0969,BIO301
S0970,CS102
S0970,ART301
S0970,SOC201
S0970,MUS201
S0970,MUS402
S0971,MATH402
S0971,ENG201
S0971,PE302
S0971,ECON201
S0971,ENG202
S0972,PSYC201
S0972,CS401
S0972,MATH102
S0972,CS202
S0973,ENG401
S0973,SOC102
S0973,HIST102
S0973,MUS101
S0974,PHYS202
S0974,MATH202
S0974,PE402
S0974,CS301
S0974,CS302
S0975,CS302
S0975,ENG402
S0975,MATH202
S0975,MUS401
S0975,PSYC202
S0976,ENG301
S0976,HIST202
S0976,CHEM202
S0976,CS202
S0976,CS401
S0977,HIST402
S0977,CHEM302
S0977,PSYC301
S0977,PE301
S0977,CHEM401
S0978,PE102
S0978,BIO401
S0978,CHEM202
S0978,ENG402
S0978,PHYS101
S0979,SOC301
S0979,BIO201
S0979,CS302
S0979,PHYS202
S0980,BIO402
S0980,MATH401
S0980,CS201
S0980,PHYS201
S0980,PHYS201
S0980,CS102
S0981,HIST102
S0981,CS401
S0981,CHEM201
S0981,PHYS402
S0981,CS101
S0981,CHEM202
S0982,ECON201
S0982,CS401
S0982,CHEM302
S0982,PHYS201
S0982,MATH302
S0983,PHYS201
S0983,BIO402
S0983,SOC101
S0983,BIO302
S0983,MATH302
S0984,PSYC402
S0984,MUS102
S0984,PSYC202
S0984,PE301
S0984,ART102
S0985,CHEM201
S0985,MATH402
S0985,CS401
S0985,MUS301
S0985,CHEM302
S0986,BIO201
S0986,CHEM401
S0986,ENG302
S0986,ENG301
S0987,PSYC201
S0987,CS101
S0987,ENG102
S0987,PHYS201
S0988,PSYC102
S0988,PHYS301
S0988,CS102
S0989,PE201
S0989,PHYS201
S0989,CS202
S0989,CS302
S0990,SOC302
S0990,PHYS401
S0990,CS302
S0990,MUS302
S0990,MUS401
S0991,CS402
S0991,HIST302
S0991,CS301
S0991,MATH101
S0991,MATH102
S0992,ENG302
S0992,HIST301
S0992,PHYS402
S0992,BIO401
S0993,ECON102
S0993,MATH101
S0993,CS201
S0993,CS401
S0993,BIO301
S0994,ECON201
S0994,ENG201
S0994,ENG101
S0994,CHEM201
S0994,HIST302
S0995,MATH101
S0995,HIST101
S0995,ENG102
S0995,PHYS302
S0996,MATH102
S0996,SOC301
S0996,ENG301
S0996,CS401
S0997,MUS102
S0997,PSYC101
S0997,ART102
S0998,MATH102
S0998,MUS401
S0998,BIO101
S0998,ART401
S0998,CS401
S0999,CS401
S0999,MATH101
S0999,MATH302
S1000,ECON202
S1000,PHYS202
S1000,PSYC401
S1000,SOC201
